<?xml version="1.0" encoding="UTF-8"?>

<!DOCTYPE hibernate-configuration>
<hibernate-configuration>
	<session-factory>

		<property name="hibernate.connection.driver_Class">com.mysql.cj.jdbc.Driver</property>
		<property name="hibernate.connection.url">jdbc:mysql://localhost:3306/student_db?createDatabaseIfNotExist=true</property>
		<property name="hibernate.connection.username">root</property>
		<property name="hibernate.connection.password">admin</property>

		<property name="hibernate.dialect">org.hibernate.dialect.MySQL8Dialect</property>
		<property name="hibernate.hbm2ddl.auto">update</property>
		<property name="hibernate.show_sql">true</property>

		<mapping class="com.tka.Student" />




	</session-factory>
</hibernate-configuration>
