<?xml version="1.0" encoding="UTF-8"?>
<!DOCTYPE hibernate-configuration PUBLIC
        "-//Hibernate/Hibernate Configuration DTD 3.0//EN"
        "http://hibernate.sourceforge.net/hibernate-configuration-3.0.dtd">

<hibernate-configuration>
    <session-factory>

        <!-- JDBC Database connection settings -->
        <property name="hibernate.connection.driver_class">
            com.mysql.cj.jdbc.Driver
        </property>

        <property name="hibernate.connection.url">
            jdbc:mysql://localhost:3306/hb_422
        </property>

        <property name="hibernate.connection.username">root</property>
        <property name="hibernate.connection.password">admin</property>

        <!-- Hibernate dialect -->
        <property name="hibernate.dialect">
            org.hibernate.dialect.MySQL8Dialect
        </property>

        <!-- Show SQL in console -->
        <property name="hibernate.show_sql">true</property>

        <!-- Auto table creation -->
        <property name="hibernate.hbm2ddl.auto">update</property>

        <!-- Entity mapping -->
        <mapping class="com.tka.hibernate.Employee"/>

    </session-factory>
</hibernate-configuration>
